0,2021-09-10 13:12:58,true,0,0,1,4,ad
1,2021-09-11 13:17:23,false,0,0,3,3,ac
2,2021-09-12 13:11:36,false,0,0,2,2,ba
3,2021-09-13 13:19:01,true,0,0,1,3,cb
4,2021-09-13 19:18:54,false,0,0,3,3,bc
5,2024-04-07 17:07:29,false,7,1,7,3,"03674 Dudley Shore
Scottland MH 21173"
6,2024-06-24 20:39:57,true,2,0,49,1,"737 Carol Pass
Alexanderberg MI 87906"
7,2024-03-28 07:04:00,true,3,7,42,5,"396 Wells Mill Apt. 745
Melissafurt MO 76359"
8,2024-04-14 02:34:23,false,7,3,44,10,"3482 Lindsey Path
Starkview NE 40039"
9,2024-05-05 10:37:23,false,7,0,47,4,"Unit 7103 Box 9140
DPO AE 24749"
10,2024-07-07 08:03:53,true,3,7,18,1,"92436 Rodgers Walks
Christopherchester WY 15618"
11,2024-08-07 22:11:10,true,2,0,39,9,"3522 Barrett Ridge
Willisbury MH 00861"
12,2023-12-01 07:14:38,false,7,0,42,3,"5930 Mata Island Suite 779
Josephland NH 99414"
13,2024-01-11 05:50:26,true,7,3,36,7,"296 Gina Via Apt. 912
Phillipsville TX 56307"
14,2024-02-20 02:35:46,true,0,3,33,9,"90216 Bowers Orchard
West Crystalberg CO 92631"
15,2024-04-10 12:32:13,false,7,2,4,4,"96284 Sullivan Village
Lake Maryside FL 73975"
16,2024-10-25 13:01:24,true,2,7,11,2,"4360 Alexandra Tunnel Apt. 042
Port Kathleen DC 15510"
17,2024-03-18 06:57:56,true,3,2,22,10,"3475 Ruiz Pine
North Lesliefurt WI 53362"
18,2024-06-07 20:12:42,false,7,1,34,2,"PSC 2685 Box 2122
APO AE 50838"
19,2024-07-17 13:58:14,false,0,0,34,5,"769 Manning Road Suite 853
Lake Patrickstad MA 67652"
20,2023-11-12 22:43:22,true,7,0,31,2,"088 Terri Port
Bernardstad HI 45184"
21,2024-02-22 20:09:15,false,1,1,1,4,"520 Fox Expressway Suite 497
North Jasmine RI 79115"
22,2024-09-26 00:18:19,false,2,7,29,6,"286 Young Light Suite 334
New Brenda FM 49268"
23,2024-05-05 04:21:02,true,7,3,40,3,"8289 Patricia Mission
Harrisburgh PA 47416"
24,2024-07-02 07:38:10,true,0,7,32,4,"356 Simon Cape Apt. 392
Millerhaven LA 90761"
25,2024-05-17 04:24:54,false,3,1,4,2,"49874 Farrell Orchard Suite 311
New Veronicashire NY 43876"
26,2024-08-20 21:50:15,false,0,7,16,1,"419 Mckinney Trail
West Kenneth PW 24579"
27,2024-06-26 13:08:26,true,2,2,15,5,"94312 Dickson Falls Apt. 905
Gregoryview CO 94903"
28,2024-08-07 21:27:43,false,3,7,48,4,"90622 Ryan Parkway
Stefanieburgh NH 41999"
29,2024-07-25 04:54:25,false,2,3,44,4,"5894 Justin Lock Apt. 261
New Melissamouth FL 55886"
30,2024-02-19 20:43:25,false,7,2,49,3,"5680 Whitaker Loaf Suite 828
Lake Austin RI 58654"
31,2024-05-28 18:14:09,false,7,1,14,8,"86187 Antonio Fort
North Carmen MT 09631"
32,2024-10-19 22:50:18,false,2,7,13,4,"82938 Burke Way
Emilyfort SC 83115"
33,2024-07-01 09:32:35,true,3,3,50,4,"73830 Joel Mountains
New Joshuaport MO 43629"
34,2024-08-22 21:14:50,false,3,0,40,2,"913 Robert Garden Apt. 742
Jocelynberg DE 67069"
35,2024-03-14 02:45:19,true,0,3,13,4,"Unit 8666 Box 0271
DPO AA 83004"
36,2024-07-24 01:23:44,true,7,2,39,8,"643 Shelly Dam
Moonside NE 24024"
37,2024-10-01 02:48:41,true,3,1,37,2,"73800 Steven Green
Jacquelinefurt GA 31642"
38,2024-07-10 02:42:29,true,7,7,11,8,"32922 Carlos Harbors
West Cindyshire WI 34313"
39,2024-06-21 20:46:09,false,0,0,10,8,"6604 Jason Corners Apt. 383
Florestown WV 33332"
